{
    "cq": {
        "quickLinks": "Quick links",
        "security": "Security",
        "userId": "User ID",
        "password": "Password",
        "accountPin": "Account PIN",
        "securityQuestion": "Security question",
        "securityImage": "Security image",
        "contactBilling": "Contact & Billing",
        "emailAddress": "Email address",
        "primaryPhone": "Primary phone",
        "billingAddress": "Billing address",
        "serviceAddress": "Service addresses",
        "manageAccount": "Manage account",
        "accountManager": "Account manager",
        "greetingName": "Greeting name",
        "transferService": "Transfer service",
        "privacyPermissions": "Privacy & Permissions",
        "privacySettings": "Privacy settings",
        "verizonSelects": "Verizon Selects Preferences"
    },
    "errorcode": "00",
    "correlation_id": "52105127-0c02-4b83-97d7-2dda0e1f7605"
}